CustomerID,Recency,Frequency,Monetary,Segment_Name
1,103,44,45450,Спящие (Вернуть скидкой)
2,349,2,12301,Постоянные VIP (Программа лояльности)
3,271,13,29526,Новички (Приветственная рассылка)
4,107,40,17878,Спящие (Вернуть скидкой)
5,72,2,45341,Новички (Приветственная рассылка)
6,189,20,42329,Новички (Приветственная рассылка)
7,21,1,21216,Постоянные VIP (Программа лояльности)
8,103,37,48464,Новички (Приветственная рассылка)
9,122,9,33397,Новички (Приветственная рассылка)
10,215,17,19442,Постоянные VIP (Программа лояльности)
11,331,9,27590,Новички (Приветственная рассылка)
12,88,11,20075,Постоянные VIP (Программа лояльности)
13,100,15,26823,Новички (Приветственная рассылка)
14,360,24,23379,Постоянные VIP (Программа лояльности)
15,152,38,12865,Спящие (Вернуть скидкой)
16,131,35,46778,Новички (Приветственная рассылка)
17,150,30,11661,Спящие (Вернуть скидкой)
18,309,31,41999,Новички (Приветственная рассылка)
19,258,49,625,Спящие (Вернуть скидкой)
20,344,5,22961,Постоянные VIP (Программа лояльности)
21,294,44,49253,Новички (Приветственная рассылка)
22,192,14,33242,Новички (Приветственная рассылка)
23,277,11,27016,Новички (Приветственная рассылка)
24,161,9,45065,Новички (Приветственная рассылка)
25,314,34,4748,Постоянные VIP (Программа лояльности)
26,22,12,35233,Новички (Приветственная рассылка)
27,253,35,30623,Спящие (Вернуть скидкой)
28,236,35,29152,Спящие (Вернуть скидкой)
29,345,1,34514,Новички (Приветственная рассылка)
30,49,40,32881,Спящие (Вернуть скидкой)
31,59,22,4699,Постоянные VIP (Программа лояльности)
32,170,29,35146,Новички (Приветственная рассылка)
33,188,8,47164,Новички (Приветственная рассылка)
34,271,11,36023,Новички (Приветственная рассылка)
35,190,41,41189,Спящие (Вернуть скидкой)
36,175,37,3914,Спящие (Вернуть скидкой)
37,51,14,45993,Новички (Приветственная рассылка)
38,364,30,36084,Новички (Приветственная рассылка)
39,55,35,26716,Спящие (Вернуть скидкой)
40,244,21,2213,Постоянные VIP (Программа лояльности)
41,320,37,43106,Новички (Приветственная рассылка)
42,131,5,13860,Постоянные VIP (Программа лояльности)
43,307,19,22027,Постоянные VIP (Программа лояльности)
44,135,14,21039,Постоянные VIP (Программа лояльности)
45,21,26,32519,Спящие (Вернуть скидкой)
46,329,4,12688,Постоянные VIP (Программа лояльности)
47,167,25,36242,Новички (Приветственная рассылка)
48,274,45,39298,Спящие (Вернуть скидкой)
49,89,42,44838,Спящие (Вернуть скидкой)
50,316,25,33497,Новички (Приветственная рассылка)
51,14,18,16753,Постоянные VIP (Программа лояльности)
52,242,40,10931,Спящие (Вернуть скидкой)
53,265,8,5824,Постоянные VIP (Программа лояльности)
54,346,39,11183,Спящие (Вернуть скидкой)
55,53,40,46017,Спящие (Вернуть скидкой)
56,340,14,19916,Постоянные VIP (Программа лояльности)
57,92,32,42340,Новички (Приветственная рассылка)
58,264,38,6376,Спящие (Вернуть скидкой)
59,35,33,48503,Новички (Приветственная рассылка)
60,206,23,38763,Новички (Приветственная рассылка)
61,81,15,14094,Постоянные VIP (Программа лояльности)
62,50,33,23599,Спящие (Вернуть скидкой)
63,360,25,23140,Постоянные VIP (Программа лояльности)
64,2,17,43420,Новички (Приветственная рассылка)
65,54,33,17059,Спящие (Вернуть скидкой)
66,106,47,6199,Спящие (Вернуть скидкой)
67,260,2,42367,Новички (Приветственная рассылка)
68,310,14,19676,Постоянные VIP (Программа лояльности)
69,191,40,36046,Спящие (Вернуть скидкой)
70,218,40,6216,Спящие (Вернуть скидкой)
71,44,39,15663,Спящие (Вернуть скидкой)
72,162,6,26888,Постоянные VIP (Программа лояльности)
73,202,6,27028,Постоянные VIP (Программа лояльности)
74,270,3,36436,Новички (Приветственная рассылка)
75,351,7,9947,Постоянные VIP (Программа лояльности)
76,304,8,26255,Постоянные VIP (Программа лояльности)
77,271,42,14235,Спящие (Вернуть скидкой)
78,215,15,17874,Постоянные VIP (Программа лояльности)
79,252,47,1842,Спящие (Вернуть скидкой)
80,190,29,18409,Спящие (Вернуть скидкой)
81,296,33,719,Постоянные VIP (Программа лояльности)
82,213,30,17758,Спящие (Вернуть скидкой)
83,208,39,34807,Спящие (Вернуть скидкой)
84,237,27,20437,Постоянные VIP (Программа лояльности)
85,338,36,16101,Спящие (Вернуть скидкой)
86,53,29,1068,Постоянные VIP (Программа лояльности)
87,280,38,47714,Новички (Приветственная рассылка)
88,217,33,25992,Спящие (Вернуть скидкой)
89,252,37,25719,Спящие (Вернуть скидкой)
90,188,27,381,Постоянные VIP (Программа лояльности)
91,41,33,27520,Спящие (Вернуть скидкой)
92,157,4,15460,Постоянные VIP (Программа лояльности)
93,15,22,39130,Новички (Приветственная рассылка)
94,301,2,1158,Постоянные VIP (Программа лояльности)
95,65,10,20777,Постоянные VIP (Программа лояльности)
96,345,5,10824,Постоянные VIP (Программа лояльности)
97,327,10,28504,Новички (Приветственная рассылка)
98,9,33,38046,Спящие (Вернуть скидкой)
99,344,38,39848,Новички (Приветственная рассылка)
100,129,13,29956,Новички (Приветственная рассылка)
101,136,31,9300,Спящие (Вернуть скидкой)
102,63,47,34097,Спящие (Вернуть скидкой)
103,139,36,25711,Спящие (Вернуть скидкой)
104,81,45,41335,Спящие (Вернуть скидкой)
105,163,24,35157,Новички (Приветственная рассылка)
106,289,15,1339,Постоянные VIP (Программа лояльности)
107,261,29,38238,Новички (Приветственная рассылка)
108,231,8,49038,Новички (Приветственная рассылка)
109,41,5,225,Постоянные VIP (Программа лояльности)
110,28,29,45372,Новички (Приветственная рассылка)
111,135,47,23957,Спящие (Вернуть скидкой)
112,201,4,15498,Постоянные VIP (Программа лояльности)
113,328,12,6738,Постоянные VIP (Программа лояльности)
114,268,45,6670,Спящие (Вернуть скидкой)
115,33,2,3349,Постоянные VIP (Программа лояльности)
116,48,27,9210,Постоянные VIP (Программа лояльности)
117,62,31,40463,Новички (Приветственная рассылка)
118,216,36,13705,Спящие (Вернуть скидкой)
119,293,36,12215,Спящие (Вернуть скидкой)
120,99,26,39162,Новички (Приветственная рассылка)
121,172,43,23011,Спящие (Вернуть скидкой)
122,360,27,38625,Новички (Приветственная рассылка)
123,214,5,32656,Новички (Приветственная рассылка)
124,35,20,12695,Постоянные VIP (Программа лояльности)
125,227,11,2069,Постоянные VIP (Программа лояльности)
126,101,10,43853,Новички (Приветственная рассылка)
127,131,40,17375,Спящие (Вернуть скидкой)
128,257,38,4570,Спящие (Вернуть скидкой)
129,5,6,10325,Постоянные VIP (Программа лояльности)
130,218,8,42424,Новички (Приветственная рассылка)
131,255,23,42074,Новички (Приветственная рассылка)
132,359,47,42859,Спящие (Вернуть скидкой)
133,283,26,23296,Постоянные VIP (Программа лояльности)
134,207,46,40387,Спящие (Вернуть скидкой)
135,15,43,13769,Спящие (Вернуть скидкой)
136,346,12,37480,Новички (Приветственная рассылка)
137,42,26,45241,Новички (Приветственная рассылка)
138,179,13,48420,Новички (Приветственная рассылка)
139,63,40,47514,Спящие (Вернуть скидкой)
140,352,18,38106,Новички (Приветственная рассылка)
141,231,25,15677,Постоянные VIP (Программа лояльности)
142,241,33,22573,Спящие (Вернуть скидкой)
143,52,47,28725,Спящие (Вернуть скидкой)
144,96,40,15604,Спящие (Вернуть скидкой)
145,222,43,24189,Спящие (Вернуть скидкой)
146,231,12,36587,Новички (Приветственная рассылка)
147,237,44,402,Спящие (Вернуть скидкой)
148,143,36,31563,Спящие (Вернуть скидкой)
149,171,48,45012,Спящие (Вернуть скидкой)
150,29,4,29359,Новички (Приветственная рассылка)
151,36,5,42923,Новички (Приветственная рассылка)
152,13,37,37308,Спящие (Вернуть скидкой)
153,160,8,30759,Новички (Приветственная рассылка)
154,327,42,35940,Спящие (Вернуть скидкой)
155,187,49,31990,Спящие (Вернуть скидкой)
156,243,28,13698,Постоянные VIP (Программа лояльности)
157,86,31,47155,Новички (Приветственная рассылка)
158,284,9,46833,Новички (Приветственная рассылка)
159,66,29,19608,Спящие (Вернуть скидкой)
160,170,14,42387,Новички (Приветственная рассылка)
161,45,40,13480,Спящие (Вернуть скидкой)
162,62,41,27084,Спящие (Вернуть скидкой)
163,134,22,44733,Новички (Приветственная рассылка)
164,284,11,8225,Постоянные VIP (Программа лояльности)
165,28,23,36159,Новички (Приветственная рассылка)
166,108,1,4133,Постоянные VIP (Программа лояльности)
167,44,46,37973,Спящие (Вернуть скидкой)
168,340,37,17187,Спящие (Вернуть скидкой)
169,286,21,41001,Новички (Приветственная рассылка)
170,331,26,49826,Новички (Приветственная рассылка)
171,128,46,5804,Спящие (Вернуть скидкой)
172,348,36,7948,Постоянные VIP (Программа лояльности)
173,231,23,21692,Постоянные VIP (Программа лояльности)
174,190,1,45843,Новички (Приветственная рассылка)
175,225,40,7024,Спящие (Вернуть скидкой)
176,283,15,27308,Новички (Приветственная рассылка)
177,121,21,19714,Постоянные VIP (Программа лояльности)
178,116,47,588,Спящие (Вернуть скидкой)
179,233,9,39982,Новички (Приветственная рассылка)
180,259,9,26023,Постоянные VIP (Программа лояльности)
181,359,10,48608,Новички (Приветственная рассылка)
182,198,26,36041,Новички (Приветственная рассылка)
183,137,41,29265,Спящие (Вернуть скидкой)
184,318,35,1767,Постоянные VIP (Программа лояльности)
185,165,25,26313,Новички (Приветственная рассылка)
186,225,26,4214,Постоянные VIP (Программа лояльности)
187,307,11,36421,Новички (Приветственная рассылка)
188,234,38,7861,Спящие (Вернуть скидкой)
189,172,2,31216,Новички (Приветственная рассылка)
190,152,7,33868,Новички (Приветственная рассылка)
191,315,18,48506,Новички (Приветственная рассылка)
192,160,27,25526,Спящие (Вернуть скидкой)
193,96,34,17872,Спящие (Вернуть скидкой)
194,233,27,38318,Новички (Приветственная рассылка)
195,180,17,3812,Постоянные VIP (Программа лояльности)
196,113,43,1467,Спящие (Вернуть скидкой)
197,318,44,41057,Спящие (Вернуть скидкой)
198,52,24,41881,Новички (Приветственная рассылка)
199,268,25,49706,Новички (Приветственная рассылка)
200,295,7,26300,Постоянные VIP (Программа лояльности)
201,113,6,3826,Постоянные VIP (Программа лояльности)
202,101,24,23716,Спящие (Вернуть скидкой)
203,113,33,27823,Спящие (Вернуть скидкой)
204,81,49,37674,Спящие (Вернуть скидкой)
205,187,29,35058,Новички (Приветственная рассылка)
206,113,43,9208,Спящие (Вернуть скидкой)
207,2,22,12278,Постоянные VIP (Программа лояльности)
208,130,26,35743,Новички (Приветственная рассылка)
209,220,28,31424,Новички (Приветственная рассылка)
210,54,21,38460,Новички (Приветственная рассылка)
211,343,49,17924,Спящие (Вернуть скидкой)
212,224,7,45460,Новички (Приветственная рассылка)
213,225,17,9027,Постоянные VIP (Программа лояльности)
214,126,20,28244,Новички (Приветственная рассылка)
215,130,41,31110,Спящие (Вернуть скидкой)
216,53,49,22543,Спящие (Вернуть скидкой)
217,172,20,14537,Постоянные VIP (Программа лояльности)
218,218,22,44398,Новички (Приветственная рассылка)
219,160,28,39878,Новички (Приветственная рассылка)
220,198,40,11307,Спящие (Вернуть скидкой)
221,247,49,25637,Спящие (Вернуть скидкой)
222,324,7,35857,Новички (Приветственная рассылка)
223,203,1,12140,Постоянные VIP (Программа лояльности)
224,184,32,42086,Новички (Приветственная рассылка)
225,123,13,22712,Постоянные VIP (Программа лояльности)
226,255,30,28541,Новички (Приветственная рассылка)
227,294,23,6571,Постоянные VIP (Программа лояльности)
228,280,19,35731,Новички (Приветственная рассылка)
229,325,32,43561,Новички (Приветственная рассылка)
230,98,30,26623,Спящие (Вернуть скидкой)
231,198,29,31448,Новички (Приветственная рассылка)
232,240,49,1277,Спящие (Вернуть скидкой)
233,144,45,4860,Спящие (Вернуть скидкой)
234,97,29,32879,Спящие (Вернуть скидкой)
235,201,30,21736,Спящие (Вернуть скидкой)
236,124,16,16453,Постоянные VIP (Программа лояльности)
237,187,40,11656,Спящие (Вернуть скидкой)
238,326,19,27698,Новички (Приветственная рассылка)
239,349,18,11663,Постоянные VIP (Программа лояльности)
240,259,1,46919,Новички (Приветственная рассылка)
241,148,14,43890,Новички (Приветственная рассылка)
242,252,47,8334,Спящие (Вернуть скидкой)
243,346,2,25619,Постоянные VIP (Программа лояльности)
244,147,28,27066,Спящие (Вернуть скидкой)
245,148,49,16273,Спящие (Вернуть скидкой)
246,352,30,27087,Новички (Приветственная рассылка)
247,199,38,13278,Спящие (Вернуть скидкой)
248,308,4,39438,Новички (Приветственная рассылка)
249,128,1,24696,Постоянные VIP (Программа лояльности)
250,39,8,33274,Новички (Приветственная рассылка)
251,338,29,42074,Новички (Приветственная рассылка)
252,360,39,4531,Спящие (Вернуть скидкой)
253,129,3,27864,Новички (Приветственная рассылка)
254,267,32,21727,Спящие (Вернуть скидкой)
255,151,10,39410,Новички (Приветственная рассылка)
256,298,10,9006,Постоянные VIP (Программа лояльности)
257,99,19,37014,Новички (Приветственная рассылка)
258,263,46,44914,Спящие (Вернуть скидкой)
259,252,34,45479,Новички (Приветственная рассылка)
260,144,33,13176,Спящие (Вернуть скидкой)
261,346,23,49392,Новички (Приветственная рассылка)
262,112,28,37750,Новички (Приветственная рассылка)
263,60,32,46981,Новички (Приветственная рассылка)
264,2,7,46513,Новички (Приветственная рассылка)
265,304,29,6112,Постоянные VIP (Программа лояльности)
266,254,8,7251,Постоянные VIP (Программа лояльности)
267,140,1,28311,Новички (Приветственная рассылка)
268,37,3,27217,Постоянные VIP (Программа лояльности)
269,160,24,36478,Новички (Приветственная рассылка)
270,9,23,42752,Новички (Приветственная рассылка)
271,233,8,6994,Постоянные VIP (Программа лояльности)
272,99,47,13567,Спящие (Вернуть скидкой)
273,147,37,31110,Спящие (Вернуть скидкой)
274,304,3,49357,Новички (Приветственная рассылка)
275,208,33,42741,Новички (Приветственная рассылка)
276,131,28,12389,Постоянные VIP (Программа лояльности)
277,152,47,45076,Спящие (Вернуть скидкой)
278,54,8,43696,Новички (Приветственная рассылка)
279,120,34,23271,Спящие (Вернуть скидкой)
280,161,35,35005,Спящие (Вернуть скидкой)
281,116,32,20929,Спящие (Вернуть скидкой)
282,75,24,34154,Новички (Приветственная рассылка)
283,113,14,48578,Новички (Приветственная рассылка)
284,104,32,44239,Новички (Приветственная рассылка)
285,340,46,48813,Новички (Приветственная рассылка)
286,254,43,29834,Спящие (Вернуть скидкой)
287,227,16,7152,Постоянные VIP (Программа лояльности)
288,112,4,3754,Постоянные VIP (Программа лояльности)
289,99,37,23586,Спящие (Вернуть скидкой)
290,153,21,18843,Постоянные VIP (Программа лояльности)
291,349,14,48468,Новички (Приветственная рассылка)
292,338,31,24589,Спящие (Вернуть скидкой)
293,194,48,8736,Спящие (Вернуть скидкой)
294,310,18,6541,Постоянные VIP (Программа лояльности)
295,163,7,24711,Постоянные VIP (Программа лояльности)
296,208,10,42535,Новички (Приветственная рассылка)
297,169,7,12249,Постоянные VIP (Программа лояльности)
298,161,33,34666,Спящие (Вернуть скидкой)
299,68,23,42468,Новички (Приветственная рассылка)
300,289,21,21775,Постоянные VIP (Программа лояльности)
301,277,19,5595,Постоянные VIP (Программа лояльности)
302,304,48,42768,Спящие (Вернуть скидкой)
303,135,19,13773,Постоянные VIP (Программа лояльности)
304,195,36,11230,Спящие (Вернуть скидкой)
305,128,29,22768,Спящие (Вернуть скидкой)
306,33,18,15322,Постоянные VIP (Программа лояльности)
307,176,2,23769,Постоянные VIP (Программа лояльности)
308,22,1,34168,Новички (Приветственная рассылка)
309,238,47,23353,Спящие (Вернуть скидкой)
310,158,5,9535,Постоянные VIP (Программа лояльности)
311,38,20,28652,Новички (Приветственная рассылка)
312,230,11,37484,Новички (Приветственная рассылка)
313,51,42,16493,Спящие (Вернуть скидкой)
314,264,2,10717,Постоянные VIP (Программа лояльности)
315,283,3,38620,Новички (Приветственная рассылка)
316,27,23,9952,Постоянные VIP (Программа лояльности)
317,226,12,31501,Новички (Приветственная рассылка)
318,277,20,6395,Постоянные VIP (Программа лояльности)
319,286,5,36093,Новички (Приветственная рассылка)
320,97,37,34184,Спящие (Вернуть скидкой)
321,284,38,45205,Новички (Приветственная рассылка)
322,317,30,39675,Новички (Приветственная рассылка)
323,304,9,36551,Новички (Приветственная рассылка)
324,147,34,7327,Спящие (Вернуть скидкой)
325,4,44,32010,Спящие (Вернуть скидкой)
326,35,35,36141,Спящие (Вернуть скидкой)
327,192,22,23484,Постоянные VIP (Программа лояльности)
328,49,44,245,Спящие (Вернуть скидкой)
329,17,24,37878,Новички (Приветственная рассылка)
330,172,17,16135,Постоянные VIP (Программа лояльности)
331,220,10,3140,Постоянные VIP (Программа лояльности)
332,158,30,42522,Новички (Приветственная рассылка)
333,46,46,26260,Спящие (Вернуть скидкой)
334,6,23,49734,Новички (Приветственная рассылка)
335,99,32,17733,Спящие (Вернуть скидкой)
336,233,17,29444,Новички (Приветственная рассылка)
337,37,17,17114,Постоянные VIP (Программа лояльности)
338,280,14,15096,Постоянные VIP (Программа лояльности)
339,349,9,49204,Новички (Приветственная рассылка)
340,302,40,41721,Новички (Приветственная рассылка)
341,181,2,11795,Постоянные VIP (Программа лояльности)
342,95,45,2952,Спящие (Вернуть скидкой)
343,99,25,16114,Постоянные VIP (Программа лояльности)
344,188,39,27142,Спящие (Вернуть скидкой)
345,116,9,33855,Новички (Приветственная рассылка)
346,191,22,40490,Новички (Приветственная рассылка)
347,253,43,23811,Спящие (Вернуть скидкой)
348,161,46,26222,Спящие (Вернуть скидкой)
349,256,4,9260,Постоянные VIP (Программа лояльности)
350,323,26,27313,Новички (Приветственная рассылка)
351,128,29,39520,Новички (Приветственная рассылка)
352,18,45,7521,Спящие (Вернуть скидкой)
353,281,34,21500,Спящие (Вернуть скидкой)
354,223,23,33637,Новички (Приветственная рассылка)
355,54,37,17827,Спящие (Вернуть скидкой)
356,58,11,46982,Новички (Приветственная рассылка)
357,323,6,4458,Постоянные VIP (Программа лояльности)
358,360,18,28582,Новички (Приветственная рассылка)
359,174,21,32217,Новички (Приветственная рассылка)
360,280,42,23264,Спящие (Вернуть скидкой)
361,114,36,32010,Спящие (Вернуть скидкой)
362,288,41,32596,Спящие (Вернуть скидкой)
363,342,38,44411,Новички (Приветственная рассылка)
364,151,34,29471,Спящие (Вернуть скидкой)
365,127,17,38567,Новички (Приветственная рассылка)
366,155,37,17725,Спящие (Вернуть скидкой)
367,273,25,33993,Новички (Приветственная рассылка)
368,104,38,10893,Спящие (Вернуть скидкой)
369,299,12,31107,Новички (Приветственная рассылка)
370,246,23,25866,Новички (Приветственная рассылка)
371,176,42,39632,Спящие (Вернуть скидкой)
372,39,22,12423,Постоянные VIP (Программа лояльности)
373,170,21,45899,Новички (Приветственная рассылка)
374,247,27,46920,Новички (Приветственная рассылка)
375,26,31,45508,Новички (Приветственная рассылка)
376,355,6,7943,Постоянные VIP (Программа лояльности)
377,306,27,14310,Постоянные VIP (Программа лояльности)
378,13,40,16556,Спящие (Вернуть скидкой)
379,316,34,31467,Новички (Приветственная рассылка)
380,313,12,10206,Постоянные VIP (Программа лояльности)
381,36,45,38057,Спящие (Вернуть скидкой)
382,173,7,2572,Постоянные VIP (Программа лояльности)
383,20,10,49959,Новички (Приветственная рассылка)
384,321,45,6804,Спящие (Вернуть скидкой)
385,264,17,3813,Постоянные VIP (Программа лояльности)
386,142,26,5151,Постоянные VIP (Программа лояльности)
387,143,21,10856,Постоянные VIP (Программа лояльности)
388,92,28,2575,Постоянные VIP (Программа лояльности)
389,354,46,36478,Спящие (Вернуть скидкой)
390,322,2,4355,Постоянные VIP (Программа лояльности)
391,288,43,14584,Спящие (Вернуть скидкой)
392,215,1,34603,Новички (Приветственная рассылка)
393,342,36,8358,Постоянные VIP (Программа лояльности)
394,51,26,40847,Новички (Приветственная рассылка)
395,153,29,35296,Новички (Приветственная рассылка)
396,186,21,45213,Новички (Приветственная рассылка)
397,63,11,40294,Новички (Приветственная рассылка)
398,190,40,8633,Спящие (Вернуть скидкой)
399,125,11,32681,Новички (Приветственная рассылка)
400,150,36,5349,Спящие (Вернуть скидкой)
401,314,49,19301,Спящие (Вернуть скидкой)
402,58,39,9786,Спящие (Вернуть скидкой)
403,342,40,46977,Новички (Приветственная рассылка)
404,305,35,32107,Спящие (Вернуть скидкой)
405,180,34,761,Постоянные VIP (Программа лояльности)
406,170,47,44943,Спящие (Вернуть скидкой)
407,326,24,30237,Новички (Приветственная рассылка)
408,271,22,47656,Новички (Приветственная рассылка)
409,54,5,42928,Новички (Приветственная рассылка)
410,101,33,48704,Новички (Приветственная рассылка)
411,264,36,10626,Спящие (Вернуть скидкой)
412,53,47,3474,Спящие (Вернуть скидкой)
413,60,20,25692,Новички (Приветственная рассылка)
414,108,19,29082,Новички (Приветственная рассылка)
415,5,35,307,Спящие (Вернуть скидкой)
416,103,43,35533,Спящие (Вернуть скидкой)
417,196,17,23297,Постоянные VIP (Программа лояльности)
418,262,45,33500,Спящие (Вернуть скидкой)
419,350,43,3183,Спящие (Вернуть скидкой)
420,47,34,29428,Спящие (Вернуть скидкой)
421,355,9,46579,Новички (Приветственная рассылка)
422,311,26,42991,Новички (Приветственная рассылка)
423,308,2,20203,Постоянные VIP (Программа лояльности)
424,144,9,39991,Новички (Приветственная рассылка)
425,269,9,10854,Постоянные VIP (Программа лояльности)
426,124,40,34547,Спящие (Вернуть скидкой)
427,106,17,16001,Постоянные VIP (Программа лояльности)
428,158,1,33104,Новички (Приветственная рассылка)
429,147,25,7546,Постоянные VIP (Программа лояльности)
430,145,43,37311,Спящие (Вернуть скидкой)
431,120,40,48331,Спящие (Вернуть скидкой)
432,319,42,29401,Спящие (Вернуть скидкой)
433,275,25,26216,Новички (Приветственная рассылка)
434,92,39,41423,Спящие (Вернуть скидкой)
435,58,35,18852,Спящие (Вернуть скидкой)
436,346,3,32476,Новички (Приветственная рассылка)
437,229,37,16769,Спящие (Вернуть скидкой)
438,117,44,33016,Спящие (Вернуть скидкой)
439,318,44,13495,Спящие (Вернуть скидкой)
440,279,30,20521,Спящие (Вернуть скидкой)
441,127,38,26442,Спящие (Вернуть скидкой)
442,129,34,4995,Спящие (Вернуть скидкой)
443,58,12,11123,Постоянные VIP (Программа лояльности)
444,122,19,10799,Постоянные VIP (Программа лояльности)
445,1,37,9815,Спящие (Вернуть скидкой)
446,239,44,19269,Спящие (Вернуть скидкой)
447,290,49,16263,Спящие (Вернуть скидкой)
448,96,17,5882,Постоянные VIP (Программа лояльности)
449,126,10,22741,Постоянные VIP (Программа лояльности)
450,118,49,18892,Спящие (Вернуть скидкой)
451,48,47,49592,Спящие (Вернуть скидкой)
452,89,12,35685,Новички (Приветственная рассылка)
453,237,16,30782,Новички (Приветственная рассылка)
454,272,24,47964,Новички (Приветственная рассылка)
455,189,19,18980,Постоянные VIP (Программа лояльности)
456,192,8,38167,Новички (Приветственная рассылка)
457,69,31,42785,Новички (Приветственная рассылка)
458,278,21,18173,Постоянные VIP (Программа лояльности)
459,349,17,36135,Новички (Приветственная рассылка)
460,247,23,37274,Новички (Приветственная рассылка)
461,76,37,24937,Спящие (Вернуть скидкой)
462,154,16,17926,Постоянные VIP (Программа лояльности)
463,144,6,25081,Постоянные VIP (Программа лояльности)
464,86,8,10482,Постоянные VIP (Программа лояльности)
465,185,25,4537,Постоянные VIP (Программа лояльности)
466,285,18,5535,Постоянные VIP (Программа лояльности)
467,220,25,24919,Новички (Приветственная рассылка)
468,69,12,36975,Новички (Приветственная рассылка)
469,47,15,32082,Новички (Приветственная рассылка)
470,94,26,33428,Новички (Приветственная рассылка)
471,238,41,12429,Спящие (Вернуть скидкой)
472,204,45,25269,Спящие (Вернуть скидкой)
473,218,26,22032,Постоянные VIP (Программа лояльности)
474,341,47,34694,Спящие (Вернуть скидкой)
475,39,32,11521,Спящие (Вернуть скидкой)
476,100,10,45133,Новички (Приветственная рассылка)
477,289,16,7729,Постоянные VIP (Программа лояльности)
478,254,7,8425,Постоянные VIP (Программа лояльности)
479,222,17,28595,Новички (Приветственная рассылка)
480,357,23,31850,Новички (Приветственная рассылка)
481,23,26,29719,Спящие (Вернуть скидкой)
482,250,21,40561,Новички (Приветственная рассылка)
483,10,22,8364,Постоянные VIP (Программа лояльности)
484,246,7,12786,Постоянные VIP (Программа лояльности)
485,325,14,46584,Новички (Приветственная рассылка)
486,100,15,24326,Постоянные VIP (Программа лояльности)
487,290,7,6821,Постоянные VIP (Программа лояльности)
488,180,9,20709,Постоянные VIP (Программа лояльности)
489,223,48,7473,Спящие (Вернуть скидкой)
490,250,8,38775,Новички (Приветственная рассылка)
491,147,23,48995,Новички (Приветственная рассылка)
492,96,29,29037,Спящие (Вернуть скидкой)
493,257,18,5756,Постоянные VIP (Программа лояльности)
494,325,31,9084,Постоянные VIP (Программа лояльности)
495,4,30,30084,Спящие (Вернуть скидкой)
496,16,39,8386,Спящие (Вернуть скидкой)
497,280,35,6001,Постоянные VIP (Программа лояльности)
498,336,18,31652,Новички (Приветственная рассылка)
499,247,42,25809,Спящие (Вернуть скидкой)
500,258,39,31155,Спящие (Вернуть скидкой)
501,160,17,37785,Новички (Приветственная рассылка)
502,340,14,8529,Постоянные VIP (Программа лояльности)
503,152,31,14816,Спящие (Вернуть скидкой)
504,178,24,48663,Новички (Приветственная рассылка)
505,163,35,11238,Спящие (Вернуть скидкой)
506,33,44,35398,Спящие (Вернуть скидкой)
507,179,45,23529,Спящие (Вернуть скидкой)
508,101,34,5872,Спящие (Вернуть скидкой)
509,268,3,48344,Новички (Приветственная рассылка)
510,323,37,48619,Новички (Приветственная рассылка)
511,65,43,35832,Спящие (Вернуть скидкой)
512,168,40,40005,Спящие (Вернуть скидкой)
513,330,26,17447,Постоянные VIP (Программа лояльности)
514,43,23,17020,Постоянные VIP (Программа лояльности)
515,44,44,31922,Спящие (Вернуть скидкой)
516,285,39,46759,Новички (Приветственная рассылка)
517,12,15,40208,Новички (Приветственная рассылка)
518,95,49,23663,Спящие (Вернуть скидкой)
519,302,4,8067,Постоянные VIP (Программа лояльности)
520,253,29,45283,Новички (Приветственная рассылка)
521,242,22,11971,Постоянные VIP (Программа лояльности)
522,35,25,28863,Спящие (Вернуть скидкой)
523,215,13,12016,Постоянные VIP (Программа лояльности)
524,337,18,8834,Постоянные VIP (Программа лояльности)
525,90,33,33713,Спящие (Вернуть скидкой)
526,264,16,28279,Новички (Приветственная рассылка)
527,93,45,35362,Спящие (Вернуть скидкой)
528,90,42,12777,Спящие (Вернуть скидкой)
529,115,44,18368,Спящие (Вернуть скидкой)
530,105,2,12430,Постоянные VIP (Программа лояльности)
531,196,35,20833,Спящие (Вернуть скидкой)
532,314,42,38047,Спящие (Вернуть скидкой)
533,114,34,27386,Спящие (Вернуть скидкой)
534,75,30,6710,Спящие (Вернуть скидкой)
535,217,13,6530,Постоянные VIP (Программа лояльности)
536,277,13,40022,Новички (Приветственная рассылка)
537,249,18,13928,Постоянные VIP (Программа лояльности)
538,164,32,43013,Новички (Приветственная рассылка)
539,357,32,31597,Новички (Приветственная рассылка)
540,192,35,39356,Новички (Приветственная рассылка)
541,227,39,36718,Спящие (Вернуть скидкой)
542,177,46,49941,Спящие (Вернуть скидкой)
543,99,29,46432,Новички (Приветственная рассылка)
544,36,49,26626,Спящие (Вернуть скидкой)
545,96,29,30258,Спящие (Вернуть скидкой)
546,152,44,25132,Спящие (Вернуть скидкой)
547,151,16,37946,Новички (Приветственная рассылка)
548,190,44,45036,Спящие (Вернуть скидкой)
549,224,47,29894,Спящие (Вернуть скидкой)
550,37,10,5548,Постоянные VIP (Программа лояльности)
551,268,30,28961,Новички (Приветственная рассылка)
552,183,25,28241,Новички (Приветственная рассылка)
553,13,39,9174,Спящие (Вернуть скидкой)
554,279,20,6506,Постоянные VIP (Программа лояльности)
555,217,5,31923,Новички (Приветственная рассылка)
556,355,1,23391,Постоянные VIP (Программа лояльности)
557,361,30,41668,Новички (Приветственная рассылка)
558,286,49,32103,Спящие (Вернуть скидкой)
559,273,3,46951,Новички (Приветственная рассылка)
560,62,45,34506,Спящие (Вернуть скидкой)
561,84,14,23412,Постоянные VIP (Программа лояльности)
562,217,30,43208,Новички (Приветственная рассылка)
563,342,4,1482,Постоянные VIP (Программа лояльности)
564,187,18,34271,Новички (Приветственная рассылка)
565,19,37,41879,Спящие (Вернуть скидкой)
566,177,25,3392,Постоянные VIP (Программа лояльности)
567,100,48,41879,Спящие (Вернуть скидкой)
568,233,1,33287,Новички (Приветственная рассылка)
569,76,46,12511,Спящие (Вернуть скидкой)
570,265,15,37385,Новички (Приветственная рассылка)
571,284,9,15522,Постоянные VIP (Программа лояльности)
572,206,15,42568,Новички (Приветственная рассылка)
573,223,49,32471,Спящие (Вернуть скидкой)
574,52,24,5793,Постоянные VIP (Программа лояльности)
575,339,4,33635,Новички (Приветственная рассылка)
576,144,12,14918,Постоянные VIP (Программа лояльности)
577,69,37,31338,Спящие (Вернуть скидкой)
578,99,37,30974,Спящие (Вернуть скидкой)
579,25,43,26815,Спящие (Вернуть скидкой)
580,53,6,27705,Новички (Приветственная рассылка)
581,151,39,34417,Спящие (Вернуть скидкой)
582,144,46,31274,Спящие (Вернуть скидкой)
583,57,24,10056,Постоянные VIP (Программа лояльности)
584,39,11,39008,Новички (Приветственная рассылка)
585,109,13,10937,Постоянные VIP (Программа лояльности)
586,181,34,3816,Спящие (Вернуть скидкой)
587,42,25,4581,Постоянные VIP (Программа лояльности)
588,186,7,24382,Постоянные VIP (Программа лояльности)
589,223,4,6648,Постоянные VIP (Программа лояльности)
590,122,8,37705,Новички (Приветственная рассылка)
591,133,20,7858,Постоянные VIP (Программа лояльности)
592,163,29,43768,Новички (Приветственная рассылка)
593,215,45,23277,Спящие (Вернуть скидкой)
594,221,46,24122,Спящие (Вернуть скидкой)
595,235,10,40861,Новички (Приветственная рассылка)
596,331,43,5642,Спящие (Вернуть скидкой)
597,146,34,25576,Спящие (Вернуть скидкой)
598,239,26,30884,Новички (Приветственная рассылка)
599,76,41,22840,Спящие (Вернуть скидкой)
600,9,49,24917,Спящие (Вернуть скидкой)
601,74,3,47696,Новички (Приветственная рассылка)
602,253,6,16152,Постоянные VIP (Программа лояльности)
603,230,5,35253,Новички (Приветственная рассылка)
604,7,5,47176,Новички (Приветственная рассылка)
605,174,47,771,Спящие (Вернуть скидкой)
606,141,23,263,Постоянные VIP (Программа лояльности)
607,168,49,41524,Спящие (Вернуть скидкой)
608,170,9,44102,Новички (Приветственная рассылка)
609,283,35,4895,Постоянные VIP (Программа лояльности)
610,122,20,10734,Постоянные VIP (Программа лояльности)
611,194,49,4898,Спящие (Вернуть скидкой)
612,5,42,22520,Спящие (Вернуть скидкой)
613,29,35,29400,Спящие (Вернуть скидкой)
614,165,18,24445,Постоянные VIP (Программа лояльности)
615,339,17,10849,Постоянные VIP (Программа лояльности)
616,136,24,38695,Новички (Приветственная рассылка)
617,321,3,25221,Постоянные VIP (Программа лояльности)
618,342,32,37587,Новички (Приветственная рассылка)
619,145,35,28511,Спящие (Вернуть скидкой)
620,327,38,33461,Спящие (Вернуть скидкой)
621,217,13,21323,Постоянные VIP (Программа лояльности)
622,301,47,7494,Спящие (Вернуть скидкой)
623,132,25,14156,Постоянные VIP (Программа лояльности)
624,292,9,28480,Новички (Приветственная рассылка)
625,70,4,26135,Постоянные VIP (Программа лояльности)
626,252,14,30720,Новички (Приветственная рассылка)
627,275,37,19977,Спящие (Вернуть скидкой)
628,364,34,43504,Новички (Приветственная рассылка)
629,182,11,31011,Новички (Приветственная рассылка)
630,167,41,32884,Спящие (Вернуть скидкой)
631,91,3,3291,Постоянные VIP (Программа лояльности)
632,202,28,33260,Новички (Приветственная рассылка)
633,346,29,25100,Новички (Приветственная рассылка)
634,19,9,39140,Новички (Приветственная рассылка)
635,39,3,49823,Новички (Приветственная рассылка)
636,126,25,3731,Постоянные VIP (Программа лояльности)
637,173,34,6272,Спящие (Вернуть скидкой)
638,141,12,42180,Новички (Приветственная рассылка)
639,242,42,23661,Спящие (Вернуть скидкой)
640,220,9,24917,Постоянные VIP (Программа лояльности)
641,126,15,20381,Постоянные VIP (Программа лояльности)
642,58,40,28771,Спящие (Вернуть скидкой)
643,148,25,25464,Спящие (Вернуть скидкой)
644,317,5,41774,Новички (Приветственная рассылка)
645,361,11,27525,Новички (Приветственная рассылка)
646,1,34,28702,Спящие (Вернуть скидкой)
647,348,24,23353,Постоянные VIP (Программа лояльности)
648,190,15,23572,Постоянные VIP (Программа лояльности)
649,191,38,49330,Новички (Приветственная рассылка)
650,312,8,8180,Постоянные VIP (Программа лояльности)
651,117,5,7199,Постоянные VIP (Программа лояльности)
652,134,48,25531,Спящие (Вернуть скидкой)
653,58,26,31286,Спящие (Вернуть скидкой)
654,44,18,47784,Новички (Приветственная рассылка)
655,173,6,30211,Новички (Приветственная рассылка)
656,160,37,39951,Спящие (Вернуть скидкой)
657,173,48,22714,Спящие (Вернуть скидкой)
658,317,13,26824,Новички (Приветственная рассылка)
659,303,28,42091,Новички (Приветственная рассылка)
660,149,5,5040,Постоянные VIP (Программа лояльности)
661,80,13,28858,Новички (Приветственная рассылка)
662,213,17,36324,Новички (Приветственная рассылка)
663,203,40,7888,Спящие (Вернуть скидкой)
664,252,45,28182,Спящие (Вернуть скидкой)
665,229,32,24134,Спящие (Вернуть скидкой)
666,164,29,35579,Новички (Приветственная рассылка)
667,227,3,11380,Постоянные VIP (Программа лояльности)
668,147,40,18152,Спящие (Вернуть скидкой)
669,20,34,16631,Спящие (Вернуть скидкой)
670,47,40,22904,Спящие (Вернуть скидкой)
671,233,27,29003,Новички (Приветственная рассылка)
672,305,13,44957,Новички (Приветственная рассылка)
673,14,45,10242,Спящие (Вернуть скидкой)
674,143,33,49617,Новички (Приветственная рассылка)
675,1,6,48455,Новички (Приветственная рассылка)
676,54,24,9966,Постоянные VIP (Программа лояльности)
677,259,19,4631,Постоянные VIP (Программа лояльности)
678,144,16,45554,Новички (Приветственная рассылка)
679,12,40,38198,Спящие (Вернуть скидкой)
680,330,28,38378,Новички (Приветственная рассылка)
681,224,33,28238,Спящие (Вернуть скидкой)
682,272,48,27165,Спящие (Вернуть скидкой)
683,358,41,30056,Спящие (Вернуть скидкой)
684,156,13,41832,Новички (Приветственная рассылка)
685,8,43,39361,Спящие (Вернуть скидкой)
686,122,45,10859,Спящие (Вернуть скидкой)
687,348,25,5539,Постоянные VIP (Программа лояльности)
688,164,42,47341,Спящие (Вернуть скидкой)
689,90,36,42633,Спящие (Вернуть скидкой)
690,136,27,28370,Спящие (Вернуть скидкой)
691,186,38,13379,Спящие (Вернуть скидкой)
692,316,7,39379,Новички (Приветственная рассылка)
693,178,5,44351,Новички (Приветственная рассылка)
694,28,43,23988,Спящие (Вернуть скидкой)
695,220,45,17730,Спящие (Вернуть скидкой)
696,357,31,35244,Новички (Приветственная рассылка)
697,41,23,31282,Новички (Приветственная рассылка)
698,228,42,25638,Спящие (Вернуть скидкой)
699,192,10,11924,Постоянные VIP (Программа лояльности)
700,145,32,32225,Спящие (Вернуть скидкой)
701,201,43,7079,Спящие (Вернуть скидкой)
702,212,30,26289,Спящие (Вернуть скидкой)
703,220,39,42700,Спящие (Вернуть скидкой)
704,240,31,12604,Постоянные VIP (Программа лояльности)
705,46,18,20769,Постоянные VIP (Программа лояльности)
706,35,36,7010,Спящие (Вернуть скидкой)
707,253,2,46957,Новички (Приветственная рассылка)
708,82,14,35064,Новички (Приветственная рассылка)
709,256,13,20231,Постоянные VIP (Программа лояльности)
710,197,29,25327,Спящие (Вернуть скидкой)
711,303,12,6078,Постоянные VIP (Программа лояльности)
712,10,39,22091,Спящие (Вернуть скидкой)
713,312,2,17253,Постоянные VIP (Программа лояльности)
714,286,32,33648,Новички (Приветственная рассылка)
715,242,13,42776,Новички (Приветственная рассылка)
716,251,46,39171,Спящие (Вернуть скидкой)
717,5,27,47554,Новички (Приветственная рассылка)
718,119,49,4083,Спящие (Вернуть скидкой)
719,289,41,9603,Спящие (Вернуть скидкой)
720,65,17,30021,Новички (Приветственная рассылка)
721,146,40,17005,Спящие (Вернуть скидкой)
722,224,31,45938,Новички (Приветственная рассылка)
723,239,34,24053,Спящие (Вернуть скидкой)
724,177,24,26906,Новички (Приветственная рассылка)
725,267,45,45100,Спящие (Вернуть скидкой)
726,341,35,22268,Спящие (Вернуть скидкой)
727,282,48,4683,Спящие (Вернуть скидкой)
728,63,6,38814,Новички (Приветственная рассылка)
729,217,19,49245,Новички (Приветственная рассылка)
730,342,30,39996,Новички (Приветственная рассылка)
731,315,7,11989,Постоянные VIP (Программа лояльности)
732,283,10,27513,Новички (Приветственная рассылка)
733,177,41,12375,Спящие (Вернуть скидкой)
734,98,32,2561,Спящие (Вернуть скидкой)
735,105,34,14391,Спящие (Вернуть скидкой)
736,99,28,46904,Новички (Приветственная рассылка)
737,311,15,11535,Постоянные VIP (Программа лояльности)
738,6,30,28035,Спящие (Вернуть скидкой)
739,197,37,33553,Спящие (Вернуть скидкой)
740,351,29,18644,Постоянные VIP (Программа лояльности)
741,133,22,12358,Постоянные VIP (Программа лояльности)
742,358,4,30941,Новички (Приветственная рассылка)
743,259,20,48858,Новички (Приветственная рассылка)
744,23,32,49290,Новички (Приветственная рассылка)
745,53,36,10836,Спящие (Вернуть скидкой)
746,165,4,37743,Новички (Приветственная рассылка)
747,202,27,44050,Новички (Приветственная рассылка)
748,83,17,35064,Новички (Приветственная рассылка)
749,145,12,28144,Новички (Приветственная рассылка)
750,85,22,40033,Новички (Приветственная рассылка)
751,78,17,16097,Постоянные VIP (Программа лояльности)
752,1,10,14315,Постоянные VIP (Программа лояльности)
753,51,1,33169,Новички (Приветственная рассылка)
754,173,22,24011,Постоянные VIP (Программа лояльности)
755,205,26,17130,Постоянные VIP (Программа лояльности)
756,260,18,29434,Новички (Приветственная рассылка)
757,288,14,14671,Постоянные VIP (Программа лояльности)
758,34,47,42819,Спящие (Вернуть скидкой)
759,348,29,29027,Новички (Приветственная рассылка)
760,95,12,20814,Постоянные VIP (Программа лояльности)
761,72,36,43641,Спящие (Вернуть скидкой)
762,39,35,23487,Спящие (Вернуть скидкой)
763,154,12,28544,Новички (Приветственная рассылка)
764,250,7,49008,Новички (Приветственная рассылка)
765,162,29,20021,Спящие (Вернуть скидкой)
766,118,11,13157,Постоянные VIP (Программа лояльности)
767,259,33,45368,Новички (Приветственная рассылка)
768,306,6,24958,Постоянные VIP (Программа лояльности)
769,268,47,48789,Спящие (Вернуть скидкой)
770,54,15,44738,Новички (Приветственная рассылка)
771,236,32,26162,Спящие (Вернуть скидкой)
772,222,11,36950,Новички (Приветственная рассылка)
773,251,23,46586,Новички (Приветственная рассылка)
774,313,26,20667,Постоянные VIP (Программа лояльности)
775,112,34,29839,Спящие (Вернуть скидкой)
776,255,46,43385,Спящие (Вернуть скидкой)
777,303,34,3854,Постоянные VIP (Программа лояльности)
778,207,29,27144,Спящие (Вернуть скидкой)
779,229,4,1824,Постоянные VIP (Программа лояльности)
780,341,17,1476,Постоянные VIP (Программа лояльности)
781,66,35,8806,Спящие (Вернуть скидкой)
782,75,13,8994,Постоянные VIP (Программа лояльности)
783,103,41,18137,Спящие (Вернуть скидкой)
784,192,39,18550,Спящие (Вернуть скидкой)
785,252,15,16506,Постоянные VIP (Программа лояльности)
786,226,29,29825,Новички (Приветственная рассылка)
787,294,29,6026,Постоянные VIP (Программа лояльности)
788,306,11,39119,Новички (Приветственная рассылка)
789,98,32,9596,Спящие (Вернуть скидкой)
790,338,2,36168,Новички (Приветственная рассылка)
791,286,47,29906,Спящие (Вернуть скидкой)
792,335,14,22763,Постоянные VIP (Программа лояльности)
793,347,20,41421,Новички (Приветственная рассылка)
794,308,22,36595,Новички (Приветственная рассылка)
795,249,11,22756,Постоянные VIP (Программа лояльности)
796,166,27,25960,Спящие (Вернуть скидкой)
797,335,3,49766,Новички (Приветственная рассылка)
798,30,17,16932,Постоянные VIP (Программа лояльности)
799,247,44,38887,Спящие (Вернуть скидкой)
800,106,28,48331,Новички (Приветственная рассылка)
801,51,29,21827,Спящие (Вернуть скидкой)
802,81,21,42915,Новички (Приветственная рассылка)
803,133,47,29645,Спящие (Вернуть скидкой)
804,285,16,44622,Новички (Приветственная рассылка)
805,138,37,2620,Спящие (Вернуть скидкой)
806,184,20,3181,Постоянные VIP (Программа лояльности)
807,330,6,34296,Новички (Приветственная рассылка)
808,273,19,36835,Новички (Приветственная рассылка)
809,340,5,39313,Новички (Приветственная рассылка)
810,69,3,14666,Постоянные VIP (Программа лояльности)
811,34,1,14142,Постоянные VIP (Программа лояльности)
812,262,38,25598,Спящие (Вернуть скидкой)
813,53,15,11429,Постоянные VIP (Программа лояльности)
814,205,34,31756,Спящие (Вернуть скидкой)
815,126,35,2259,Спящие (Вернуть скидкой)
816,235,49,38000,Спящие (Вернуть скидкой)
817,43,25,19463,Спящие (Вернуть скидкой)
818,240,24,47801,Новички (Приветственная рассылка)
819,111,12,43341,Новички (Приветственная рассылка)
820,249,18,19133,Постоянные VIP (Программа лояльности)
821,151,15,10905,Постоянные VIP (Программа лояльности)
822,183,44,35951,Спящие (Вернуть скидкой)
823,336,16,26932,Новички (Приветственная рассылка)
824,95,27,14044,Спящие (Вернуть скидкой)
825,8,8,19973,Постоянные VIP (Программа лояльности)
826,360,46,40472,Спящие (Вернуть скидкой)
827,184,25,24028,Постоянные VIP (Программа лояльности)
828,281,17,15479,Постоянные VIP (Программа лояльности)
829,195,29,36851,Новички (Приветственная рассылка)
830,352,8,34646,Новички (Приветственная рассылка)
831,195,15,24386,Постоянные VIP (Программа лояльности)
832,155,27,5210,Постоянные VIP (Программа лояльности)
833,93,46,12187,Спящие (Вернуть скидкой)
834,160,7,23862,Постоянные VIP (Программа лояльности)
835,61,3,17181,Постоянные VIP (Программа лояльности)
836,122,29,35047,Новички (Приветственная рассылка)
837,51,44,9696,Спящие (Вернуть скидкой)
838,277,24,38119,Новички (Приветственная рассылка)
839,5,3,42103,Новички (Приветственная рассылка)
840,92,20,18413,Постоянные VIP (Программа лояльности)
841,170,46,47739,Спящие (Вернуть скидкой)
842,317,15,1113,Постоянные VIP (Программа лояльности)
843,22,25,49478,Новички (Приветственная рассылка)
844,326,30,23805,Спящие (Вернуть скидкой)
845,1,14,1928,Постоянные VIP (Программа лояльности)
846,133,7,8009,Постоянные VIP (Программа лояльности)
847,233,17,38456,Новички (Приветственная рассылка)
848,12,44,13209,Спящие (Вернуть скидкой)
849,346,20,2123,Постоянные VIP (Программа лояльности)
850,46,36,14637,Спящие (Вернуть скидкой)
851,34,9,26761,Постоянные VIP (Программа лояльности)
852,78,38,38759,Спящие (Вернуть скидкой)
853,218,48,33948,Спящие (Вернуть скидкой)
854,301,22,37904,Новички (Приветственная рассылка)
855,73,2,15479,Постоянные VIP (Программа лояльности)
856,282,24,27866,Новички (Приветственная рассылка)
857,249,8,43690,Новички (Приветственная рассылка)
858,47,11,2663,Постоянные VIP (Программа лояльности)
859,121,13,36160,Новички (Приветственная рассылка)
860,214,17,29297,Новички (Приветственная рассылка)
861,239,8,3686,Постоянные VIP (Программа лояльности)
862,56,21,16187,Постоянные VIP (Программа лояльности)
863,350,18,48968,Новички (Приветственная рассылка)
864,107,30,23325,Спящие (Вернуть скидкой)
865,319,18,29850,Новички (Приветственная рассылка)
866,48,46,6743,Спящие (Вернуть скидкой)
867,61,47,27623,Спящие (Вернуть скидкой)
868,337,31,36827,Новички (Приветственная рассылка)
869,26,38,11105,Спящие (Вернуть скидкой)
870,292,32,43643,Новички (Приветственная рассылка)
871,257,11,261,Постоянные VIP (Программа лояльности)
872,8,45,16129,Спящие (Вернуть скидкой)
873,113,25,49845,Новички (Приветственная рассылка)
874,355,33,14326,Постоянные VIP (Программа лояльности)
875,253,38,28831,Спящие (Вернуть скидкой)
876,180,41,44022,Спящие (Вернуть скидкой)
877,207,8,44948,Новички (Приветственная рассылка)
878,303,11,3490,Постоянные VIP (Программа лояльности)
879,127,22,6097,Постоянные VIP (Программа лояльности)
880,56,24,12793,Постоянные VIP (Программа лояльности)
881,214,41,49915,Новички (Приветственная рассылка)
882,14,17,42192,Новички (Приветственная рассылка)
883,28,12,641,Постоянные VIP (Программа лояльности)
884,78,46,21917,Спящие (Вернуть скидкой)
885,216,32,37961,Новички (Приветственная рассылка)
886,154,15,13528,Постоянные VIP (Программа лояльности)
887,14,16,44034,Новички (Приветственная рассылка)
888,187,22,48931,Новички (Приветственная рассылка)
889,312,28,10358,Постоянные VIP (Программа лояльности)
890,7,20,16144,Постоянные VIP (Программа лояльности)
891,3,33,29511,Спящие (Вернуть скидкой)
892,111,10,5569,Постоянные VIP (Программа лояльности)
893,238,40,28954,Спящие (Вернуть скидкой)
894,363,32,6356,Постоянные VIP (Программа лояльности)
895,239,33,10820,Спящие (Вернуть скидкой)
896,274,2,34037,Новички (Приветственная рассылка)
897,294,33,33698,Новички (Приветственная рассылка)
898,227,33,1751,Постоянные VIP (Программа лояльности)
899,15,41,19294,Спящие (Вернуть скидкой)
900,192,13,25151,Постоянные VIP (Программа лояльности)
901,119,30,27486,Спящие (Вернуть скидкой)
902,28,33,9618,Спящие (Вернуть скидкой)
903,202,13,46126,Новички (Приветственная рассылка)
904,39,26,16284,Спящие (Вернуть скидкой)
905,273,22,33887,Новички (Приветственная рассылка)
906,231,39,21721,Спящие (Вернуть скидкой)
907,86,2,10128,Постоянные VIP (Программа лояльности)
908,126,38,12548,Спящие (Вернуть скидкой)
909,300,39,45353,Новички (Приветственная рассылка)
910,25,26,34151,Спящие (Вернуть скидкой)
911,145,46,49911,Спящие (Вернуть скидкой)
912,13,15,30547,Новички (Приветственная рассылка)
913,212,34,18494,Спящие (Вернуть скидкой)
914,25,42,34601,Спящие (Вернуть скидкой)
915,68,44,30354,Спящие (Вернуть скидкой)
916,67,49,18609,Спящие (Вернуть скидкой)
917,233,40,49098,Новички (Приветственная рассылка)
918,109,11,14572,Постоянные VIP (Программа лояльности)
919,146,3,45757,Новички (Приветственная рассылка)
920,111,6,3571,Постоянные VIP (Программа лояльности)
921,228,9,41896,Новички (Приветственная рассылка)
922,111,6,30368,Новички (Приветственная рассылка)
923,34,9,8429,Постоянные VIP (Программа лояльности)
924,111,39,34965,Спящие (Вернуть скидкой)
925,264,31,46950,Новички (Приветственная рассылка)
926,236,32,46798,Новички (Приветственная рассылка)
927,83,41,28372,Спящие (Вернуть скидкой)
928,42,12,42945,Новички (Приветственная рассылка)
929,101,8,6497,Постоянные VIP (Программа лояльности)
930,6,8,32473,Новички (Приветственная рассылка)
931,180,28,35625,Новички (Приветственная рассылка)
932,282,20,24670,Постоянные VIP (Программа лояльности)
933,320,47,18384,Спящие (Вернуть скидкой)
934,226,7,19094,Постоянные VIP (Программа лояльности)
935,315,11,23384,Постоянные VIP (Программа лояльности)
936,229,20,17933,Постоянные VIP (Программа лояльности)
937,289,16,25222,Постоянные VIP (Программа лояльности)
938,150,4,5117,Постоянные VIP (Программа лояльности)
939,277,6,16470,Постоянные VIP (Программа лояльности)
940,198,22,29352,Новички (Приветственная рассылка)
941,70,26,8099,Постоянные VIP (Программа лояльности)
942,112,3,22536,Постоянные VIP (Программа лояльности)
943,4,41,43063,Спящие (Вернуть скидкой)
944,350,42,2196,Спящие (Вернуть скидкой)
945,331,14,48301,Новички (Приветственная рассылка)
946,318,11,25379,Постоянные VIP (Программа лояльности)
947,350,18,43463,Новички (Приветственная рассылка)
948,95,12,48809,Новички (Приветственная рассылка)
949,152,23,26301,Новички (Приветственная рассылка)
950,311,12,19815,Постоянные VIP (Программа лояльности)
951,137,13,29409,Новички (Приветственная рассылка)
952,247,25,15178,Постоянные VIP (Программа лояльности)
953,243,45,5205,Спящие (Вернуть скидкой)
954,31,19,29412,Новички (Приветственная рассылка)
955,40,46,2939,Спящие (Вернуть скидкой)
956,229,36,3484,Спящие (Вернуть скидкой)
957,36,45,43719,Спящие (Вернуть скидкой)
958,223,8,42921,Новички (Приветственная рассылка)
959,6,29,13593,Спящие (Вернуть скидкой)
960,322,32,17169,Постоянные VIP (Программа лояльности)
961,220,44,47007,Спящие (Вернуть скидкой)
962,75,18,7631,Постоянные VIP (Программа лояльности)
963,4,6,37151,Новички (Приветственная рассылка)
964,335,18,7836,Постоянные VIP (Программа лояльности)
965,134,19,7810,Постоянные VIP (Программа лояльности)
966,118,22,1719,Постоянные VIP (Программа лояльности)
967,94,37,14075,Спящие (Вернуть скидкой)
968,62,32,45703,Новички (Приветственная рассылка)
969,194,41,23352,Спящие (Вернуть скидкой)
970,335,3,15361,Постоянные VIP (Программа лояльности)
971,203,28,1531,Постоянные VIP (Программа лояльности)
972,26,10,9167,Постоянные VIP (Программа лояльности)
973,173,35,37581,Спящие (Вернуть скидкой)
974,300,29,27137,Новички (Приветственная рассылка)
975,133,15,9657,Постоянные VIP (Программа лояльности)
976,326,33,9535,Постоянные VIP (Программа лояльности)
977,118,7,37866,Новички (Приветственная рассылка)
978,324,12,262,Постоянные VIP (Программа лояльности)
979,275,49,34842,Спящие (Вернуть скидкой)
980,212,30,19775,Спящие (Вернуть скидкой)
981,225,21,8561,Постоянные VIP (Программа лояльности)
982,20,31,17115,Спящие (Вернуть скидкой)
983,113,24,32691,Новички (Приветственная рассылка)
984,140,20,28147,Новички (Приветственная рассылка)
985,47,37,34882,Спящие (Вернуть скидкой)
986,1,4,9933,Постоянные VIP (Программа лояльности)
987,90,28,7996,Постоянные VIP (Программа лояльности)
988,142,44,33072,Спящие (Вернуть скидкой)
989,320,20,49833,Новички (Приветственная рассылка)
990,38,24,41900,Новички (Приветственная рассылка)
991,293,49,30608,Спящие (Вернуть скидкой)
992,139,32,5447,Спящие (Вернуть скидкой)
993,356,41,30414,Спящие (Вернуть скидкой)
994,333,36,2743,Постоянные VIP (Программа лояльности)
995,259,34,40885,Новички (Приветственная рассылка)
996,161,36,18781,Спящие (Вернуть скидкой)
997,178,2,38428,Новички (Приветственная рассылка)
998,10,15,15992,Постоянные VIP (Программа лояльности)
999,261,34,47399,Новички (Приветственная рассылка)
1000,138,36,17173,Спящие (Вернуть скидкой)
